State,year,STATEFP,STATENS,AFFGEOID,GEOID,STUSPS,LSAD,ALAND,AWATER,variable,light_gini,top_10_sh,Gini,Top10_adj,Top5_adj,Top1_adj,top_5_sh,top_1_sh
Alabama,1990,01,01779775,0400000US01,01,AL,00,131174048583,4593327154,lpp_1990,0.423189558481481,33.0730852438019,0.55987823,40.0226059,26.1031208,12.40133572,21.8132519899065,8.14987341510448
Alabama,1995,01,01779775,0400000US01,01,AL,00,131174048583,4593327154,lpp_1995,0.409599041596292,32.0983082988193,0.5565207,41.63217926,29.50037956,13.88619804,21.41395357169,7.79637489202952
Alabama,2000,01,01779775,0400000US01,01,AL,00,131174048583,4593327154,lpp_2000,0.569738888542267,45.0471118534552,0.562732339,42.20446396,30.66991997,16.00579071,32.3024030154674,14.2952242499296
Alabama,2005,01,01779775,0400000US01,01,AL,00,131174048583,4593327154,lpp_2005,0.560265033943522,44.4534646116367,0.629092753,44.45602798,33.55674744,18.47659492,31.9654173508301,14.4230950791809
Alabama,2010,01,01779775,0400000US01,01,AL,00,131174048583,4593327154,lpp_2010,0.577283677982307,45.433652614011,0.59136045,46.23836136,32.4332428,16.74658585,32.1789288419922,13.4753068951097
Alaska,1990,02,01785533,0400000US02,02,AK,00,1478839695958,245481577452,lpp_1990,0.74123741706579,58.3335828842731,0.670734107,34.46343231,23.07458496,11.33475685,37.978722194367,12.0783707914487
Alaska,1995,02,01785533,0400000US02,02,AK,00,1478839695958,245481577452,lpp_1995,0.758422852594579,56.8873250269941,0.671232581,32.14953613,20.85534286,8.948009491,36.1491578480398,11.5843585849105
Alaska,2000,02,01785533,0400000US02,02,AK,00,1478839695958,245481577452,lpp_2000,0.589249759178148,45.1662723883757,0.574780464,36.19701004,24.807024,11.64512539,31.3430624918409,11.5798317049956
Alaska,2005,02,01785533,0400000US02,02,AK,00,1478839695958,245481577452,lpp_2005,0.613579704313978,48.7532465291483,0.589147329,34.43871307,24.46649933,12.46887112,35.0396858397748,13.0309596007524
Alaska,2010,02,01785533,0400000US02,02,AK,00,1478839695958,245481577452,lpp_2010,0.578179803740317,42.615776038711,0.564221501,35.26301193,25.56317711,12.306077,29.0376478100716,10.1025993470508
Arizona,1990,04,01779777,0400000US04,04,AZ,00,294198551143,1027337603,lpp_1990,0.685592237362027,53.352821217384,0.576357484,39.65886307,27.05340767,12.54214287,38.069471915198,14.9002122764935
Arizona,1995,04,01779777,0400000US04,04,AZ,00,294198551143,1027337603,lpp_1995,0.705392111185036,56.8162546296698,0.564447641,41.64043427,29.51070213,14.05568218,41.6618718240132,18.6857331139376
Arizona,2000,04,01779777,0400000US04,04,AZ,00,294198551143,1027337603,lpp_2000,0.706571815069604,56.6266525003914,0.576278985,45.48717499,33.80403137,18.32298088,43.0029623140476,18.8098574433385
Arizona,2005,04,01779777,0400000US04,04,AZ,00,294198551143,1027337603,lpp_2005,0.695356895431725,55.7655820084121,0.590745211,50.50734711,38.80792236,22.66134071,42.4680726416714,18.7558702510649
Arizona,2010,04,01779777,0400000US04,04,AZ,00,294198551143,1027337603,lpp_2010,0.693966518303671,53.7241940297475,0.617894828,48.65074158,33.92316818,16.86220551,39.4142629420565,15.5979147897024
Arkansas,1990,05,00068085,0400000US05,05,AR,00,134768872727,2962859592,lpp_1990,0.45722205465524,33.5315248755206,0.566798151,38.23744965,25.65608406,12.40840435,21.7019763180471,7.61794970208586
Arkansas,1995,05,00068085,0400000US05,05,AR,00,134768872727,2962859592,lpp_1995,0.432674466589998,32.9316662484556,0.551950037,40.12095261,28.19519234,12.93357182,21.6414045911375,7.91396317799167
Arkansas,2000,05,00068085,0400000US05,05,AR,00,134768872727,2962859592,lpp_2000,0.546431388159669,41.849245245769,0.557923496,40.79669571,29.87237358,16.08039093,29.6423900560095,12.6867504985697
Arkansas,2005,05,00068085,0400000US05,05,AR,00,134768872727,2962859592,lpp_2005,0.531751382470927,40.6792903805492,0.643081307,42.67739487,32.18061066,16.67526817,28.7129441680061,12.757322479299
Arkansas,2010,05,00068085,0400000US05,05,AR,00,134768872727,2962859592,lpp_2010,0.541800233753233,41.1132313864957,0.588738322,46.73587418,33.53702927,17.43770218,28.5076142749753,11.6320412314809
California,1990,06,01779778,0400000US06,06,CA,00,403503931312,20463871877,lpp_1990,0.777212374502558,70.2120366261231,0.598739445,42.34678268,30.33882904,16.38671112,55.6656885433189,24.4264765827752
California,1995,06,01779778,0400000US06,06,CA,00,403503931312,20463871877,lpp_1995,0.777324693125472,69.2428107440893,0.609200418,42.90351868,30.94873428,15.66066647,53.5801480357403,24.8718722768124
California,2000,06,01779778,0400000US06,06,CA,00,403503931312,20463871877,lpp_2000,0.687368903287209,53.4799757691065,0.654662013,55.18485641,44.39673615,28.91013718,39.5554418774133,16.8085888279742
California,2005,06,01779778,0400000US06,06,CA,00,403503931312,20463871877,lpp_2005,0.687868850663095,53.7737000429779,0.617148161,50.45943069,40.37861633,24.20210838,40.0844383029436,17.594079051986
California,2010,06,01779778,0400000US06,06,CA,00,403503931312,20463871877,lpp_2010,0.689112760874909,52.5013820808192,0.666916549,50.2824707,38.89439011,22.0317955,37.895828284174,15.1574381945656
Colorado,1990,08,01779779,0400000US08,08,CO,00,268422891711,1181621593,lpp_1990,0.682599395662511,56.0204508746448,0.579258621,36.84123611,25.64426804,12.17846203,41.1071231910039,17.4699317392446
Colorado,1995,08,01779779,0400000US08,08,CO,00,268422891711,1181621593,lpp_1995,0.721114451756243,60.3874206200647,0.56787473,39.60165405,28.08979797,13.75928211,46.8078844308826,24.7733065224846
Colorado,2000,08,01779779,0400000US08,08,CO,00,268422891711,1181621593,lpp_2000,0.601421862905049,45.4466009998325,0.60547626,46.71396637,36.08736801,21.16952896,32.4495645137532,12.6578978292093
Colorado,2005,08,01779779,0400000US08,08,CO,00,268422891711,1181621593,lpp_2005,0.606412340333126,46.4020702298945,0.580472887,43.97002792,34.04939651,19.56089401,33.5941820970059,13.6598974448785
Colorado,2010,08,01779779,0400000US08,08,CO,00,268422891711,1181621593,lpp_2010,0.594793925772542,44.1044152180457,0.609598219,44.16519165,33.07043076,17.63902283,30.9562977426259,11.4348985471069
Connecticut,1990,09,01779780,0400000US09,09,CT,00,12542497068,1815617571,lpp_1990,0.341035919080327,24.6038441452996,0.574266076,42.53723145,30.99552155,16.99235153,14.8620763710916,4.38719196743665
Connecticut,1995,09,01779780,0400000US09,09,CT,00,12542497068,1815617571,lpp_1995,0.315810850913352,23.5548798812637,0.599363744,47.54435349,34.96472549,19.75510597,14.3038898221844,4.28429173676384
Connecticut,2000,09,01779780,0400000US09,09,CT,00,12542497068,1815617571,lpp_2000,0.601892838025041,49.9541670631315,0.655693233,58.5980835,48.70814133,32.71558762,37.7186431199855,18.6145849922462
Connecticut,2005,09,01779780,0400000US09,09,CT,00,12542497068,1815617571,lpp_2005,0.601228363478879,50.6655043988788,0.612258613,56.6206398,49.44418716,31.01522827,38.8897476467697,20.3035825776794
Connecticut,2010,09,01779780,0400000US09,09,CT,00,12542497068,1815617571,lpp_2010,0.605366341076929,49.8087261192886,0.674977183,58.48006058,50.18317413,32.70521164,37.324017253827,17.7784482450487
Delaware,1990,10,01779781,0400000US10,10,DE,00,5045925646,1399985648,lpp_1990,0.472701858121567,40.1728284793561,0.530975223,36.56866074,24.89427185,11.38918209,31.5513989516628,19.1492893506725
Delaware,1995,10,01779781,0400000US10,10,DE,00,5045925646,1399985648,lpp_1995,0.46700951881964,39.4799021456914,0.538938284,40.24495697,27.65749359,12.76714611,30.284668011574,15.8346260124048
Delaware,2000,10,01779781,0400000US10,10,DE,00,5045925646,1399985648,lpp_2000,0.623709062141321,50.2206774159242,0.562413812,43.97914124,32.42271423,17.9433403,35.8541441409646,14.8569669210099
Delaware,2005,10,01779781,0400000US10,10,DE,00,5045925646,1399985648,lpp_2005,0.638388700608077,52.6232973956455,0.558697581,46.51559067,35.65211487,21.38478279,37.9219472102755,16.1057048537876
Delaware,2010,10,01779781,0400000US10,10,DE,00,5045925646,1399985648,lpp_2010,0.621940531796789,49.8943198938525,0.555320203,40.25198364,28.16187286,13.33821869,35.2007278202168,14.2228538981587
District of Columbia,1990,11,01702382,0400000US11,11,DC,00,158340391,18687198,lpp_1990,0.283106012381099,10.0411377898611,0.585148871,42.712883,31.35596848,16.92721558,10.0411377898611,0
District of Columbia,1995,11,01702382,0400000US11,11,DC,00,158340391,18687198,lpp_1995,0.29059656934064,21.0582837530584,0.595307291,42.0722847,31.60449028,15.90213203,0,0
District of Columbia,2000,11,01702382,0400000US11,11,DC,00,158340391,18687198,lpp_2000,0.881771604875659,88.0510088258455,0.644694507,55.15826416,44.76987839,28.14702797,77.5671654114124,38.8371417218871
District of Columbia,2005,11,01702382,0400000US11,11,DC,00,158340391,18687198,lpp_2005,0.881413967243467,88.0230072183227,0.602424264,48.20973969,39.8949852,23.94168282,77.4992307628759,38.6284009151696
District of Columbia,2010,11,01702382,0400000US11,11,DC,00,158340391,18687198,lpp_2010,0.882193031905598,88.1312262955207,0.643347621,43.94498062,35.5385437,20.34712219,77.687825984119,38.9152964496414
Florida,1990,12,00294478,0400000US12,12,FL,00,138949136250,31361101223,lpp_1990,0.814121618703517,77.370636844643,0.603043497,44.44837189,32.66276169,18.25027275,70.2563074530125,46.7898199123465
Florida,1995,12,00294478,0400000US12,12,FL,00,138949136250,31361101223,lpp_1995,0.615465139560722,51.2100446436771,0.605019867,46.31035995,34.6821022,18.97967339,38.1105230285472,19.9880763053373
Florida,2000,12,00294478,0400000US12,12,FL,00,138949136250,31361101223,lpp_2000,0.682520453255845,55.6001487005746,0.627933741,53.14284897,41.81136703,25.44050217,41.7755023228673,19.0657467645445
Florida,2005,12,00294478,0400000US12,12,FL,00,138949136250,31361101223,lpp_2005,0.670011633615971,54.5247475206427,0.667079985,59.37187576,49.00089645,31.77565575,41.0744611727123,19.2898142644509
Florida,2010,12,00294478,0400000US12,12,FL,00,138949136250,31361101223,lpp_2010,0.68222568390224,54.688675842434,0.681595385,52.66433716,39.93489456,23.63547134,40.500886682341,17.4871918674943
Georgia,1990,13,01705317,0400000US13,13,GA,00,149482048342,4422936154,lpp_1990,0.479787179954796,38.7674489162026,0.568560839,39.45656586,27.60344696,13.1031971,27.6113613229861,13.2292797158804
Georgia,1995,13,01705317,0400000US13,13,GA,00,149482048342,4422936154,lpp_1995,0.437483350943015,34.3062843201279,0.564411819,40.98299026,29.03633308,13.86498356,23.0573632060344,8.40605522105915
Georgia,2000,13,01705317,0400000US13,13,GA,00,149482048342,4422936154,lpp_2000,0.558773156195325,42.8704432483012,0.587977648,44.35005951,33.12284851,17.80355835,30.2257093969708,13.3372708542637
Georgia,2005,13,01705317,0400000US13,13,GA,00,149482048342,4422936154,lpp_2005,0.556690432513928,43.0206541794334,0.616744637,45.51335907,34.23711014,19.11416817,30.4112350589449,13.8225247138907
Georgia,2010,13,01705317,0400000US13,13,GA,00,149482048342,4422936154,lpp_2010,0.573538511766447,43.8096252894524,0.632009983,47.18330383,33.04154205,16.41736984,30.5692707880734,12.9841423824551
Hawaii,1990,15,01779782,0400000US15,15,HI,00,16633990195,11777809026,lpp_1990,0.69934656533037,58.5906360033176,0.572948098,36.55383682,25.92072487,13.67830849,43.3409001359436,23.3439518273063
Hawaii,1995,15,01779782,0400000US15,15,HI,00,16633990195,11777809026,lpp_1995,0.659560954181002,53.5761898070624,0.532553196,32.59272003,21.61955833,9.016799927,39.104786503875,20.0162734023707
Hawaii,2000,15,01779782,0400000US15,15,HI,00,16633990195,11777809026,lpp_2000,0.774289174564899,65.6441380618493,0.563607872,37.07738113,26.30667496,13.19595528,52.1975274827564,24.9609091368054
Hawaii,2005,15,01779782,0400000US15,15,HI,00,16633990195,11777809026,lpp_2005,0.791307305371534,68.5875045878737,0.576738417,40.71848297,29.95338249,16.46945763,55.1200010490769,25.6467722335293
Hawaii,2010,15,01779782,0400000US15,15,HI,00,16633990195,11777809026,lpp_2010,0.787396050200518,67.0803944469614,0.564963937,34.96137619,23.77055168,11.28796864,52.7710853587881,23.9387806884743
Idaho,1990,16,01779783,0400000US16,16,ID,00,214049787659,2391722557,lpp_1990,0.714536756929627,59.4072628123452,0.569997072,35.67166138,23.56877899,11.17511177,44.593000641768,19.2768082449665
Idaho,1995,16,01779783,0400000US16,16,ID,00,214049787659,2391722557,lpp_1995,0.752886688613552,64.2901912999921,0.562856674,36.95002747,26.17607117,12.1575098,47.55037876626,20.7819592050812
Idaho,2000,16,01779783,0400000US16,16,ID,00,214049787659,2391722557,lpp_2000,0.504940896550259,36.3361619729219,0.588901639,41.85321045,31.37616348,17.52750778,24.7903888198809,9.69782927079116
Idaho,2005,16,01779783,0400000US16,16,ID,00,214049787659,2391722557,lpp_2005,0.502443289346177,35.999493384632,0.629484296,41.78482819,31.9122982,18.07865143,24.6208707107268,9.99018161893925
Idaho,2010,16,01779783,0400000US16,16,ID,00,214049787659,2391722557,lpp_2010,0.511455057230272,35.7535639705903,0.629141212,40.22665405,28.01345634,13.92567062,23.5700293742673,8.72432852610144
Illinois,1990,17,01779784,0400000US17,17,IL,00,143780567633,6214824948,lpp_1990,0.372263321047956,26.6009083720655,0.571380556,39.89738846,28.59898758,15.04212189,16.5895394610859,5.27484461517197
Illinois,1995,17,01779784,0400000US17,17,IL,00,143780567633,6214824948,lpp_1995,0.370131068942947,27.2740388139469,0.573896766,43.12743759,31.33892441,16.23145866,17.1987489527409,5.54531923834186
Illinois,2000,17,01779784,0400000US17,17,IL,00,143780567633,6214824948,lpp_2000,0.509001009575687,36.7139257367687,0.604523599,47.41947556,36.47216415,21.20832443,24.6666951324426,8.80502634506822
Illinois,2005,17,01779784,0400000US17,17,IL,00,143780567633,6214824948,lpp_2005,0.534615077248227,40.1722471674286,0.599004865,47.52693939,36.95042038,21.67287827,28.4895201175977,11.8167111889996
Illinois,2010,17,01779784,0400000US17,17,IL,00,143780567633,6214824948,lpp_2010,0.501407573757846,35.5836083232363,0.620458305,48.2855072,36.61826706,20.44235992,23.6622483050549,8.28442510074728
Indiana,1990,18,00448508,0400000US18,18,IN,00,92789302676,1538002829,lpp_1990,0.343187243893999,26.5820916736072,0.546787858,36.48445511,24.3696022,11.43645,16.854499372989,5.60504336165022
Indiana,1995,18,00448508,0400000US18,18,IN,00,92789302676,1538002829,lpp_1995,0.322214400192317,25.527266835536,0.538652837,38.48873138,26.68666077,12.42016888,16.1872274404137,5.5328288959265
Indiana,2000,18,00448508,0400000US18,18,IN,00,92789302676,1538002829,lpp_2000,0.516841536156529,38.6953825460897,0.550101459,38.70571899,27.89537621,14.43924141,26.3140081699023,10.2697822992307
Indiana,2005,18,00448508,0400000US18,18,IN,00,92789302676,1538002829,lpp_2005,0.531328728705799,41.2415591204546,0.578391194,40.03656006,29.1061039,15.52481079,29.2812573076796,12.9314780266517
Indiana,2010,18,00448508,0400000US18,18,IN,00,92789302676,1538002829,lpp_2010,0.513606888958531,38.2185707189259,0.567936897,42.5286026,28.94347,14.10284233,25.868365833138,9.95985383079633
Iowa,1990,19,01779785,0400000US19,19,IA,00,144661267977,1084180812,lpp_1990,0.34315142287323,25.336468902947,0.55833596,34.21392059,22.30318642,10.0972538,15.7395991095306,4.75845989607739
Iowa,1995,19,01779785,0400000US19,19,IA,00,144661267977,1084180812,lpp_1995,0.355155161301609,27.6256172328593,0.533415079,35.23470306,24.37590981,10.47624588,17.5588984309366,5.48699136950663
Iowa,2000,19,01779785,0400000US19,19,IA,00,144661267977,1084180812,lpp_2000,0.392528017870422,29.6636984321205,0.533636272,35.58063507,25.40779305,12.59195232,19.6500369266604,6.98996242862815
Iowa,2005,19,01779785,0400000US19,19,IA,00,144661267977,1084180812,lpp_2005,0.408720415343231,31.1256463443854,0.560311615,35.67908859,25.72753143,12.9193964,21.0959539315461,8.02369587546867
Iowa,2010,19,01779785,0400000US19,19,IA,00,144661267977,1084180812,lpp_2010,0.385710174852893,28.5914867732277,0.549246907,37.46680832,25.30312538,12.09999561,18.5509013470179,6.24231189470092
Kansas,1990,20,00481813,0400000US20,20,KS,00,211755344060,1344141205,lpp_1990,0.657999002816117,52.0457909233115,0.554324448,36.20653915,25.06900215,11.92993355,35.1863460592784,11.7056515734434
Kansas,1995,20,00481813,0400000US20,20,KS,00,211755344060,1344141205,lpp_1995,0.6153084081975,47.5451739121599,0.553249061,38.22123337,26.86796761,12.66955376,32.2010254998311,11.2738090011037
Kansas,2000,20,00481813,0400000US20,20,KS,00,211755344060,1344141205,lpp_2000,0.532402527897872,40.196729324015,0.565957487,39.0610199,28.51630974,14.80104637,28.1939472875118,10.6074011860956
Kansas,2005,20,00481813,0400000US20,20,KS,00,211755344060,1344141205,lpp_2005,0.558401602814523,42.2550359356113,0.592104435,40.13876343,29.55270576,16.08764648,30.032285731564,11.5859726774312
Kansas,2010,20,00481813,0400000US20,20,KS,00,211755344060,1344141205,lpp_2010,0.527567585234018,38.7077797788167,0.59138608,42.72958374,30.75813484,16.40237045,26.695226274875,9.64659413146348
Kentucky,1990,21,01779786,0400000US21,21,KY,00,102279490672,2375337755,lpp_1990,0.351503659020356,27.5703110187015,0.561283648,39.64501572,25.96712875,12.38546276,17.4770032598382,5.52767667344945
Kentucky,1995,21,01779786,0400000US21,21,KY,00,102279490672,2375337755,lpp_1995,0.339026369443433,27.2740794790277,0.552615821,40.31607056,28.35523415,12.63712311,17.4079296019843,5.56724615603257
Kentucky,2000,21,01779786,0400000US21,21,KY,00,102279490672,2375337755,lpp_2000,0.516522940325952,41.7155684926461,0.556110919,40.40087128,29.16789627,14.81053162,29.8753975667278,13.10628364074
Kentucky,2005,21,01779786,0400000US21,21,KY,00,102279490672,2375337755,lpp_2005,0.512968950748531,41.8751042309443,0.608317435,41.83859634,30.87945366,15.75593853,30.3375937664131,14.018382070311
Kentucky,2010,21,01779786,0400000US21,21,KY,00,102279490672,2375337755,lpp_2010,0.501925392774665,39.8823766713585,0.572081685,44.70098114,31.08784676,15.25987053,27.8713428214001,11.4156994498745
Louisiana,1990,22,01629543,0400000US22,22,LA,00,111897594374,23753621895,lpp_1990,0.63169077849665,54.2146778425069,0.593702674,39.48258972,26.04208183,12.42215919,42.0182487944684,21.3078899410779
Louisiana,1995,22,01629543,0400000US22,22,LA,00,111897594374,23753621895,lpp_1995,0.608025613033804,52.0544914146475,0.578403771,40.80447006,28.81840134,13.05541039,40.858503346312,22.884044098287
Louisiana,2000,22,01629543,0400000US22,22,LA,00,111897594374,23753621895,lpp_2000,0.606302117007354,47.4220264510403,0.576282084,41.75099564,30.50449944,15.7379055,34.5223573873263,15.6736927291018
Louisiana,2005,22,01629543,0400000US22,22,LA,00,111897594374,23753621895,lpp_2005,0.589247822571403,45.9630310579236,0.662235796,43.54188919,32.88626099,17.6509304,33.6383445049332,15.6389750143929
Louisiana,2010,22,01629543,0400000US22,22,LA,00,111897594374,23753621895,lpp_2010,0.580618820433589,44.1580787852074,0.62091881,43.62034607,30.97090149,16.27140617,31.1115474882313,12.8824684743121
Maine,1990,23,01779787,0400000US23,23,ME,00,79887426037,11746549764,lpp_1990,0.57785523788473,52.6893388376286,0.531884551,34.40461731,22.23587418,10.04212856,42.9931910672925,24.787041209816
Maine,1995,23,01779787,0400000US23,23,ME,00,79887426037,11746549764,lpp_1995,0.619177321073854,56.1499260130362,0.532454371,37.41346359,26.15699577,11.14391613,46.4260267619879,27.4533209059792
Maine,2000,23,01779787,0400000US23,23,ME,00,79887426037,11746549764,lpp_2000,0.481673201451041,36.9182206827101,0.552585423,43.06951141,31.99742508,17.1608448,24.3573929687103,8.98160966504
Maine,2005,23,01779787,0400000US23,23,ME,00,79887426037,11746549764,lpp_2005,0.467572587963745,35.8682653363071,0.584545076,41.63558197,30.77701187,15.65581036,23.7119843727482,8.9874696035591
Maine,2010,23,01779787,0400000US23,23,ME,00,79887426037,11746549764,lpp_2010,0.47788716168751,36.5351635439656,0.551415563,41.09710693,28.01065254,13.04253101,24.0109606565033,8.57833680861526
Maryland,1990,24,01714934,0400000US24,24,MD,00,25151100280,6979966958,lpp_1990,0.385338709696273,29.4506172682799,0.542600751,37.08197021,25.06752396,11.93626785,19.6291143770571,7.79453461937228
Maryland,1995,24,01714934,0400000US24,24,MD,00,25151100280,6979966958,lpp_1995,0.400599463822899,31.0855407128508,0.543932199,38.78462982,26.23889732,12.23112583,21.1934225183914,8.26979791799049
Maryland,2000,24,01714934,0400000US24,24,MD,00,25151100280,6979966958,lpp_2000,0.597853531512225,46.6608928169199,0.575559914,43.77104568,32.88470459,17.93191719,33.3689824280713,14.5740503133714
Maryland,2005,24,01714934,0400000US24,24,MD,00,25151100280,6979966958,lpp_2005,0.61279368549284,49.2072794465963,0.539757967,40.8185997,31.78704643,17.34091187,36.3864769664526,17.5837042562935
Maryland,2010,24,01714934,0400000US24,24,MD,00,25151100280,6979966958,lpp_2010,0.609988917694002,47.5349740670501,0.574038565,39.07151413,29.58991241,14.36526966,33.7279449619324,14.1695665532112
Massachusetts,1990,25,00606926,0400000US25,25,MA,00,20205125364,7129925486,lpp_1990,0.406621895774591,28.671135530528,0.555001199,39.16389847,27.45180511,13.62539673,17.7918716689407,5.71714349807831
Massachusetts,1995,25,00606926,0400000US25,25,MA,00,20205125364,7129925486,lpp_1995,0.368076588755028,26.7232179913199,0.577090085,44.41975784,32.03936386,16.71221733,16.4986868058066,5.24463960802076
Massachusetts,2000,25,00606926,0400000US25,25,MA,00,20205125364,7129925486,lpp_2000,0.612963383209389,49.3939923842708,0.637267768,58.92802048,48.20287704,31.89725113,36.0146823185789,16.2069674039797
Massachusetts,2005,25,00606926,0400000US25,25,MA,00,20205125364,7129925486,lpp_2005,0.606158229530802,49.4031996592642,0.581118882,49.82707596,40.66526413,23.79183578,36.593966248342,17.1724278222995
Massachusetts,2010,25,00606926,0400000US25,25,MA,00,20205125364,7129925486,lpp_2010,0.619017204753606,49.6921304273874,0.629451573,50.94039154,41.30371475,24.36419106,36.0773508171414,15.8175269858157
Michigan,1990,26,01779789,0400000US26,26,MI,00,146600952990,103885855702,lpp_1990,0.546718084457536,46.203970161957,0.549059927,38.12247849,26.2243309,12.17574501,33.6893471831405,14.7213775980625
Michigan,1995,26,01779789,0400000US26,26,MI,00,146600952990,103885855702,lpp_1995,0.525608237108113,44.6647841232473,0.553320169,41.11712646,28.18183517,13.16731453,32.804735236987,14.7117148286453
Michigan,2000,26,01779789,0400000US26,26,MI,00,146600952990,103885855702,lpp_2000,0.503311311523262,38.0908920976092,0.562266767,42.23006439,30.17022896,15.52907085,25.9987792095368,10.7774916336579
Michigan,2005,26,01779789,0400000US26,26,MI,00,146600952990,103885855702,lpp_2005,0.508459720167626,39.2614787153966,0.582706153,42.58594894,30.35021973,16.12133598,27.4430475166426,12.2532801659683
Michigan,2010,26,01779789,0400000US26,26,MI,00,146600952990,103885855702,lpp_2010,0.504504521424249,38.1123626871064,0.597330332,48.49571991,33.30805206,16.87948418,25.8395905865099,10.4553341846525
Minnesota,1990,27,00662849,0400000US27,27,MN,00,206228939448,18945217189,lpp_1990,0.512653745117875,42.1197430586979,0.5509817,35.99848175,25.24958992,11.92606258,30.4639395616463,13.8769634660678
Minnesota,1995,27,00662849,0400000US27,27,MN,00,206228939448,18945217189,lpp_1995,0.526599763832969,43.2718130991979,0.549570084,39.99035263,28.61737061,14.36619473,31.542107530426,15.0695965279147
Minnesota,2000,27,00662849,0400000US27,27,MN,00,206228939448,18945217189,lpp_2000,0.435130849118025,31.514857658751,0.568556488,41.99559784,31.47613907,17.32561302,20.9778622797299,7.55776969375657
Minnesota,2005,27,00662849,0400000US27,27,MN,00,206228939448,18945217189,lpp_2005,0.440346496157552,32.8089343300144,0.561903179,42.91766357,32.44687271,18.23670006,22.3295865219756,8.57172110558407
Minnesota,2010,27,00662849,0400000US27,27,MN,00,206228939448,18945217189,lpp_2010,0.421770720687274,29.8714836043779,0.589851499,43.71017838,32.4573288,17.12676239,19.4711322948729,6.67573604162825
Mississippi,1990,28,01779790,0400000US28,28,MS,00,121533519481,3926919758,lpp_1990,0.399106744927716,31.6085277412123,0.578444898,38.84824753,25.55339813,11.82872391,21.2403799472325,8.39214558869453
Mississippi,1995,28,01779790,0400000US28,28,MS,00,121533519481,3926919758,lpp_1995,0.379976849490354,31.4872831049214,0.5570997,41.20512772,28.26595879,12.71175289,21.6455980064092,8.97566642302599
Mississippi,2000,28,01779790,0400000US28,28,MS,00,121533519481,3926919758,lpp_2000,0.53960067164329,42.5714379046922,0.55705148,39.79453659,28.78694916,15.14393711,30.2528598718749,13.4159880858684
Mississippi,2005,28,01779790,0400000US28,28,MS,00,121533519481,3926919758,lpp_2005,0.522452248386128,41.1505599130957,0.677090883,42.11595535,31.57881546,15.81046867,29.1235335794688,13.331580785605
Mississippi,2010,28,01779790,0400000US28,28,MS,00,121533519481,3926919758,lpp_2010,0.523119983462577,40.6424890495927,0.607103229,45.83388519,32.91098404,17.43026924,28.2565217862571,11.8468049269685
Missouri,1990,29,01779791,0400000US29,29,MO,00,178050802184,2489425460,lpp_1990,0.442659347885595,32.1929632670547,0.558604836,37.73493958,25.64016914,12.30215263,20.5492903483761,6.64371970676746
Missouri,1995,29,01779791,0400000US29,29,MO,00,178050802184,2489425460,lpp_1995,0.409070056308835,30.6352579888164,0.555843115,39.33905792,27.86272049,13.23900509,19.725779945419,6.48659071532772
Missouri,2000,29,01779791,0400000US29,29,MO,00,178050802184,2489425460,lpp_2000,0.50672891446064,38.1522580210292,0.570598185,41.87139893,30.95977783,16.87640381,26.5723848153409,11.0511307982155
Missouri,2005,29,01779791,0400000US29,29,MO,00,178050802184,2489425460,lpp_2005,0.522917998569466,39.8936414622574,0.605548024,41.94095612,31.24744415,17.10691261,28.3337738759841,12.7491312253803
Missouri,2010,29,01779791,0400000US29,29,MO,00,178050802184,2489425460,lpp_2010,0.510809047319428,37.637901237618,0.589468837,44.47644806,31.39060593,16.49108505,25.5283641331167,10.0277885281634
Montana,1990,30,00767982,0400000US30,30,MT,00,376962738765,3869208832,lpp_1990,0.707303626584158,57.4812021774176,0.585717618,36.12234879,23.44249725,10.85188007,43.2221280539811,20.1090700528576
Montana,1995,30,00767982,0400000US30,30,MT,00,376962738765,3869208832,lpp_1995,0.693976390753504,55.4384854754574,0.581535876,37.97773743,26.37958527,11.42771244,40.9716926978802,19.5051900772947
Montana,2000,30,00767982,0400000US30,30,MT,00,376962738765,3869208832,lpp_2000,0.524263012455142,38.7829242989938,0.586926043,40.14559555,29.28498077,15.21979523,26.4290375593885,9.34126960571715
Montana,2005,30,00767982,0400000US30,30,MT,00,376962738765,3869208832,lpp_2005,0.524082298363942,39.016384081077,0.669218123,41.97412872,31.62291145,16.35141182,26.956326226699,9.93601817394608
Montana,2010,30,00767982,0400000US30,30,MT,00,376962738765,3869208832,lpp_2010,0.513026981749316,36.5860642800165,0.6125893,43.84048843,31.04897881,15.97341728,24.4489378133201,8.31223601340149
Nebraska,1990,31,01779792,0400000US31,31,NE,00,198956658395,1371829134,lpp_1990,0.582019605686021,45.2182052562967,0.565731525,34.54799652,23.40475082,11.6789341,31.329941136926,10.8826529574786
Nebraska,1995,31,01779792,0400000US31,31,NE,00,198956658395,1371829134,lpp_1995,0.586095000758655,46.3930845526442,0.559836328,35.03451538,24.88181114,11.91487312,32.7772705476141,12.3266623377103
Nebraska,2000,31,01779792,0400000US31,31,NE,00,198956658395,1371829134,lpp_2000,0.470633843870146,35.0781603908196,0.582527876,39.24782181,29.41687584,16.80142593,23.4375229752707,8.08553720711716
Nebraska,2005,31,01779792,0400000US31,31,NE,00,198956658395,1371829134,lpp_2005,0.471805177289116,36.08789629789,0.600915849,36.62734222,27.37232971,15.24393654,24.7382735410413,9.11028163686638
Nebraska,2010,31,01779792,0400000US31,31,NE,00,198956658395,1371829134,lpp_2010,0.454342532253954,32.9653072497748,0.584542096,39.62539291,28.50172424,15.55540657,21.4299426215666,7.02101357873669
Nevada,1990,32,01779793,0400000US32,32,NV,00,284329506470,2047206072,lpp_1990,0.716721538295441,55.1004050473404,0.582232296,46.21365356,35.05007172,21.59725952,37.8633097810259,13.3569375176487
Nevada,1995,32,01779793,0400000US32,32,NV,00,284329506470,2047206072,lpp_1995,0.73825056052621,59.5007812706613,0.586831391,44.80424881,34.23681641,20.6112957,42.02329613985,16.0123859879507
Nevada,2000,32,01779793,0400000US32,32,NV,00,284329506470,2047206072,lpp_2000,0.697318027342547,54.1664233945514,0.620887399,51.40844345,41.74882889,28.56466866,39.7128504031252,15.5036837618863
Nevada,2005,32,01779793,0400000US32,32,NV,00,284329506470,2047206072,lpp_2005,0.68996186192987,54.030973298035,0.626249254,56.96257019,47.87261963,33.2954483,39.7788769906729,16.0031514669923
Nevada,2010,32,01779793,0400000US32,32,NV,00,284329506470,2047206072,lpp_2010,0.708691984266698,54.6754632416854,0.681822836,52.25811005,39.70112228,25.16065788,39.6775799506124,14.8200973635217
New Hampshire,1990,33,01779794,0400000US33,33,NH,00,23189413166,1026675248,lpp_1990,0.419180426885961,35.2534622448703,0.542898297,37.08127213,25.77748871,12.60309792,24.878103399977,8.75646274956089
New Hampshire,1995,33,01779794,0400000US33,33,NH,00,23189413166,1026675248,lpp_1995,0.479517878168146,40.6908357533808,0.550954282,40.25299835,28.22729301,13.8269558,28.3862578604014,8.83721587685709
New Hampshire,2000,33,01779794,0400000US33,33,NH,00,23189413166,1026675248,lpp_2000,0.527633454306433,41.1042612044169,0.591769755,48.29826355,37.5232811,22.31632805,28.2294177885007,11.2983619761596
New Hampshire,2005,33,01779794,0400000US33,33,NH,00,23189413166,1026675248,lpp_2005,0.512654596850861,39.3207483887414,0.552024007,42.81076431,32.47338104,18.00499535,26.5983061927775,10.5376301050642
New Hampshire,2010,33,01779794,0400000US33,33,NH,00,23189413166,1026675248,lpp_2010,0.522667310770906,39.7519272171788,0.582541764,43.1594162,32.45575714,17.60407066,26.6637037864771,10.1599109351887
New Jersey,1990,34,01779795,0400000US34,34,NJ,00,19047825980,3544860246,lpp_1990,0.670598214924684,60.0059247614823,0.565702021,41.92394638,29.6882515,15.65705395,53.5822037061116,45.6495849588929
New Jersey,1995,34,01779795,0400000US34,34,NJ,00,19047825980,3544860246,lpp_1995,0.683558196467959,61.7737449952516,0.574222445,43.65383911,30.40461731,15.69568729,55.5595708371926,47.5672983145272
New Jersey,2000,34,01779795,0400000US34,34,NJ,00,19047825980,3544860246,lpp_2000,0.71161746609108,59.3854734696957,0.622350574,50.77050018,40.04371643,24.0111351,44.8813989513175,20.1747385706759
New Jersey,2005,34,01779795,0400000US34,34,NJ,00,19047825980,3544860246,lpp_2005,0.716662472739549,60.7467553290111,0.577320933,46.82162476,38.16667557,20.77327728,46.8306349338963,22.2189298682116
New Jersey,2010,34,01779795,0400000US34,34,NJ,00,19047825980,3544860246,lpp_2010,0.713699497109862,59.1263717305358,0.623285711,47.21899414,37.8635025,20.26957893,44.2069925477057,19.035761200423
New Mexico,1990,35,00897535,0400000US35,35,NM,00,314196306401,728776523,lpp_1990,0.711835896347905,58.9961200801286,0.581116617,37.89834976,24.1912632,10.25579453,44.3655934696733,18.7079702821743
New Mexico,1995,35,00897535,0400000US35,35,NM,00,314196306401,728776523,lpp_1995,0.707904110561789,57.4490535310054,0.565721929,38.11543274,26.11619759,10.46284103,42.5599949248602,16.0328208455014
New Mexico,2000,35,00897535,0400000US35,35,NM,00,314196306401,728776523,lpp_2000,0.630313240112045,48.2109382059764,0.552921534,33.27251816,22.87236214,10.12475395,34.8952602672563,13.8409552248615
New Mexico,2005,35,00897535,0400000US35,35,NM,00,314196306401,728776523,lpp_2005,0.615784798185086,46.8969675930033,0.647434652,42.48044586,30.99980736,15.62822914,33.7010609696223,13.2971421235657
New Mexico,2010,35,00897535,0400000US35,35,NM,00,314196306401,728776523,lpp_2010,0.615702035416529,45.2626028727138,0.589547992,44.6751709,30.59313583,14.74252415,31.5310080242202,11.7204316041682
New York,1990,36,01779796,0400000US36,36,NY,00,122049149763,19246994695,lpp_1990,0.462380447035579,38.4060272863217,0.591690779,42.66050339,31.38759041,18.11502266,29.2642965891127,16.9662109456625
New York,1995,36,01779796,0400000US36,36,NY,00,122049149763,19246994695,lpp_1995,0.469958649449499,39.4083962723956,0.605003178,46.50513458,34.80534363,19.086689,30.1191450538195,16.8267881732986
New York,2000,36,01779796,0400000US36,36,NY,00,122049149763,19246994695,lpp_2000,0.508086215712828,38.6325559837645,0.643285513,54.39252853,43.6187439,28.07908058,26.7535370695883,11.3975148280707
New York,2005,36,01779796,0400000US36,36,NY,00,122049149763,19246994695,lpp_2005,0.507966483300874,38.9794392906849,0.646464646,56.45971298,46.49152756,30.2491684,27.2431399819663,12.0856266004297
New York,2010,36,01779796,0400000US36,36,NY,00,122049149763,19246994695,lpp_2010,0.503965635053951,37.6222387870779,0.684081972,56.42486954,46.04414749,30.17146873,25.4936512622292,10.3207589219912
North Carolina,1990,37,01027616,0400000US37,37,NC,00,125923656064,13466071395,lpp_1990,0.349026804465519,28.2496509698856,0.543725967,36.84093475,24.65330887,11.34039497,18.5463348700823,7.19869613986379
North Carolina,1995,37,01027616,0400000US37,37,NC,00,125923656064,13466071395,lpp_1995,0.364483876121091,30.2141673789909,0.540415883,38.20843887,26.95218086,12.51707745,20.3791756235952,8.25998373922686
North Carolina,2000,37,01027616,0400000US37,37,NC,00,125923656064,13466071395,lpp_2000,0.545646366698504,43.7489659227097,0.562763333,40.95097733,29.99320602,15.3678112,31.3715651588884,14.1719111897411
North Carolina,2005,37,01027616,0400000US37,37,NC,00,125923656064,13466071395,lpp_2005,0.554180942028884,45.2039972746936,0.602133632,43.11145401,31.90581131,17.04260063,32.9888972893336,15.7370416535141
North Carolina,2010,37,01027616,0400000US37,37,NC,00,125923656064,13466071395,lpp_2010,0.543070337967683,43.3281984422248,0.58449775,43.76691055,30.17993164,14.43477345,30.8174367998552,13.3526724628508
North Dakota,1990,38,01779797,0400000US38,38,ND,00,178707534813,4403267548,lpp_1990,0.447658037286217,32.3491782789809,0.560771763,33.85223007,21.53794479,9.36986351,21.0836347511617,7.65988113510178
North Dakota,1995,38,01779797,0400000US38,38,ND,00,178707534813,4403267548,lpp_1995,0.459142839524516,34.3141402517477,0.552877069,35.50508499,24.70370293,10.1655283,22.7893372766378,8.60510438508424
North Dakota,2000,38,01779797,0400000US38,38,ND,00,178707534813,4403267548,lpp_2000,0.486301984077287,35.7725172752936,0.55314672,35.10310364,24.95816803,12.47274208,24.0429996951191,8.17210579518927
North Dakota,2005,38,01779797,0400000US38,38,ND,00,178707534813,4403267548,lpp_2005,0.478040278540948,36.0938513116272,0.607067227,35.98264313,26.48218727,13.23054981,24.5435256476305,8.78312592924808
North Dakota,2010,38,01779797,0400000US38,38,ND,00,178707534813,4403267548,lpp_2010,0.452744416737122,32.985094251505,0.573903501,39.06774521,28.69032288,14.94877243,21.0163033033629,6.22680796355779
Ohio,1990,39,01085497,0400000US39,39,OH,00,105828882568,10268850702,lpp_1990,0.337234909850253,25.7266279740476,0.533169925,35.83876801,24.38580704,11.896101,16.3092576774535,5.69025763577242
Ohio,1995,39,01085497,0400000US39,39,OH,00,105828882568,10268850702,lpp_1995,0.335500560709869,25.3925185360114,0.530594409,37.84558105,26.99554634,12.81515884,15.8459677128905,5.29335138856442
Ohio,2000,39,01085497,0400000US39,39,OH,00,105828882568,10268850702,lpp_2000,0.5312476448517,41.0469687522167,0.541358948,38.73976517,28.21664619,14.30183315,29.0508045160964,12.4649779503626
Ohio,2005,39,01085497,0400000US39,39,OH,00,105828882568,10268850702,lpp_2005,0.545269846978885,43.3545745735377,0.5728845,40.51033783,29.87994957,15.85820484,31.5961558612275,14.5403120308821
Ohio,2010,39,01085497,0400000US39,39,OH,00,105828882568,10268850702,lpp_2010,0.525151303536318,40.1177350328255,0.559851527,43.39871216,30.09289742,14.88136673,28.058151282693,11.4696312231875
Oklahoma,1990,40,01102857,0400000US40,40,OK,00,177662925723,3374587997,lpp_1990,0.550832120396474,44.7208156876486,0.582168758,37.41993713,24.7578125,11.84765148,32.1196082258011,13.3572418551443
Oklahoma,1995,40,01102857,0400000US40,40,OK,00,177662925723,3374587997,lpp_1995,0.536497144230792,43.9624526625191,0.563875973,37.19319916,26.01637077,11.30044174,31.1592857031228,12.5303972424449
Oklahoma,2000,40,01102857,0400000US40,40,OK,00,177662925723,3374587997,lpp_2000,0.544163629505308,41.4760232828824,0.571698487,39.01453781,28.52482605,15.15265465,29.6660137402482,12.444933479231
Oklahoma,2005,40,01102857,0400000US40,40,OK,00,177662925723,3374587997,lpp_2005,0.539865905271639,40.7656778229076,0.636758566,41.01033783,31.5306282,17.73981857,29.157075946037,12.5089441603875
Oklahoma,2010,40,01102857,0400000US40,40,OK,00,177662925723,3374587997,lpp_2010,0.529012815519147,38.929840724762,0.592691958,42.52310181,30.53745651,16.21049881,27.0257956349405,10.6097420853026
Oregon,1990,41,01155107,0400000US41,41,OR,00,248606993270,6192386935,lpp_1990,0.758552796541389,67.7758054960605,0.553264797,38.01124954,26.02112389,12.19739437,53.1066245779643,26.9705717317631
Oregon,1995,41,01155107,0400000US41,41,OR,00,248606993270,6192386935,lpp_1995,0.716679224293022,61.6401492185955,0.549995601,38.74062729,27.21508217,12.49731255,46.0889250404174,21.505010814276
Oregon,2000,41,01155107,0400000US41,41,OR,00,248606993270,6192386935,lpp_2000,0.573782613739377,42.4546003781261,0.583355784,43.59756088,32.46315384,17.62432671,29.7708140371254,12.8587714519813
Oregon,2005,41,01155107,0400000US41,41,OR,00,248606993270,6192386935,lpp_2005,0.573507093990595,42.907145845838,0.587946177,43.95295715,32.17018127,16.90775108,30.440489328401,13.4663180026541
Oregon,2010,41,01155107,0400000US41,41,OR,00,248606993270,6192386935,lpp_2010,0.575779178936608,41.8347318884721,0.582882047,46.08123398,31.3375721,14.73780155,28.5333454330671,11.542102758109
Pennsylvania,1990,42,01779798,0400000US42,42,PA,00,115884442321,3394589990,lpp_1990,0.40411412077483,32.4767171048133,0.553677022,38.67087936,27.1218605,13.37345982,22.6557109101316,10.6985658013382
Pennsylvania,1995,42,01779798,0400000US42,42,PA,00,115884442321,3394589990,lpp_1995,0.380915069507396,30.9288396924956,0.55627811,41.31743622,29.40906906,14.36248207,21.1570542082014,9.53636379887685
Pennsylvania,2000,42,01779798,0400000US42,42,PA,00,115884442321,3394589990,lpp_2000,0.518722318911631,39.6912536674987,0.579463124,44.49676514,33.22534561,18.08916473,27.3490979015865,11.2101901523561
Pennsylvania,2005,42,01779798,0400000US42,42,PA,00,115884442321,3394589990,lpp_2005,0.525548183406987,40.6217644056842,0.594698012,44.75362015,33.46752548,18.71485138,28.340862411291,12.3444821384181
Pennsylvania,2010,42,01779798,0400000US42,42,PA,00,115884442321,3394589990,lpp_2010,0.526405881431245,39.7905270579248,0.591243804,45.3717041,32.96182632,17.19416618,27.1548438751673,10.8400723080079
Rhode Island,1990,44,01219835,0400000US44,44,RI,00,2677779902,1323670487,lpp_1990,0.358948532931763,24.5047770825372,0.537900746,38.32749176,26.68239975,12.75273991,15.0968682493959,6.21195596054668
Rhode Island,1995,44,01219835,0400000US44,44,RI,00,2677779902,1323670487,lpp_1995,0.347043891463101,25.3024694704685,0.547735393,40.05181122,28.07044792,13.28504467,16.501809325105,7.15765641590001
Rhode Island,2000,44,01219835,0400000US44,44,RI,00,2677779902,1323670487,lpp_2000,0.619568271441841,51.3801347510869,0.571034074,46.72400284,34.62342834,18.95537567,38.8348711314344,15.7468441900008
Rhode Island,2005,44,01219835,0400000US44,44,RI,00,2677779902,1323670487,lpp_2005,0.616745194381266,51.5468591466898,0.573746562,44.81993103,32.48540878,17.35535431,39.1578385236002,16.1300387888755
Rhode Island,2010,44,01219835,0400000US44,44,RI,00,2677779902,1323670487,lpp_2010,0.629596755142269,52.3588064237028,0.578736603,43.22338486,30.65126801,15.54624653,39.4062130399519,16.3378652998447
South Carolina,1990,45,01779799,0400000US45,45,SC,00,77864918488,5075218778,lpp_1990,0.579593973750873,52.0079407521948,0.5447914,36.66424179,23.77857208,10.70872974,44.4549501488127,34.8081837460202
South Carolina,1995,45,01779799,0400000US45,45,SC,00,77864918488,5075218778,lpp_1995,0.53846165035885,47.5031305429753,0.543730199,39.64260483,27.79899216,12.47297478,39.2934273349391,28.9479737914976
South Carolina,2000,45,01779799,0400000US45,45,SC,00,77864918488,5075218778,lpp_2000,0.562028021234193,43.878209015952,0.553570986,40.59830856,29.38254356,14.84291744,31.218098436345,13.7557605231661
South Carolina,2005,45,01779799,0400000US45,45,SC,00,77864918488,5075218778,lpp_2005,0.558327164747623,43.845224076916,0.621981025,44.67543793,33.28454971,17.74056625,31.289248486775,14.085220432559
South Carolina,2010,45,01779799,0400000US45,45,SC,00,77864918488,5075218778,lpp_2010,0.558274412024295,42.9122816541233,0.576096117,45.68783951,31.44188309,14.96870518,29.8060315908618,12.1931329568015
South Dakota,1990,46,01785534,0400000US46,46,SD,00,196346981786,3382720225,lpp_1990,0.627670989553101,48.4897513176043,0.581433713,33.64033508,22.69465637,11.20585728,33.1733299984847,11.7590521695109
South Dakota,1995,46,01785534,0400000US46,46,SD,00,196346981786,3382720225,lpp_1995,0.621733372094256,47.7614600137045,0.581306517,37.04746246,26.97017097,13.43123722,33.830099419686,13.2039348104298
South Dakota,2000,46,01785534,0400000US46,46,SD,00,196346981786,3382720225,lpp_2000,0.460242680307135,33.9264852500404,0.578566849,37.96508026,28.48955727,15.85174084,22.6190612695518,7.68943724843983
South Dakota,2005,46,01785534,0400000US46,46,SD,00,196346981786,3382720225,lpp_2005,0.469939725574452,35.305125017954,0.636625111,38.48455429,29.865242,16.93817329,23.852040017715,8.48152635370364
South Dakota,2010,46,01785534,0400000US46,46,SD,00,196346981786,3382720225,lpp_2010,0.417539754895664,30.3404898795931,0.599277914,39.34673691,28.76229858,15.82614326,19.5951337575132,6.2204703170294
Tennessee,1990,47,01325873,0400000US47,47,TN,00,106802728188,2350123465,lpp_1990,0.389101706929588,31.3653334129003,0.570046246,39.30186844,26.38717842,12.74086857,21.5624877295182,9.33319696754477
Tennessee,1995,47,01325873,0400000US47,47,TN,00,106802728188,2350123465,lpp_1995,0.38315396889796,31.463628660819,0.561105728,41.04058075,29.59336472,14.57449532,21.7773549082653,9.64092259529531
Tennessee,2000,47,01325873,0400000US47,47,TN,00,106802728188,2350123465,lpp_2000,0.549661543726215,43.8318125983263,0.571156144,42.06844711,31.28730583,16.8458252,31.5912027180814,14.3447339668947
Tennessee,2005,47,01325873,0400000US47,47,TN,00,106802728188,2350123465,lpp_2005,0.547756728530577,44.1784537214584,0.622592211,44.03669357,33.65357208,18.76064873,32.1675877869205,15.3157205517812
Tennessee,2010,47,01325873,0400000US47,47,TN,00,106802728188,2350123465,lpp_2010,0.543807012632289,43.0282051960201,0.595159471,45.65665436,32.9127388,17.1740284,30.5767458584512,13.2243701274705
Texas,1990,48,01779801,0400000US48,48,TX,00,676653171537,19006305260,lpp_1990,0.693357569920417,60.1395049698074,0.621660411,41.10449982,29.31825256,14.88413334,47.3685153002969,22.9280374844823
Texas,1995,48,01779801,0400000US48,48,TX,00,676653171537,19006305260,lpp_1995,0.687184935849344,59.4891346900868,0.596627772,41.75802231,29.95871162,14.92510891,46.2642260390366,22.2508731142675
Texas,2000,48,01779801,0400000US48,48,TX,00,676653171537,19006305260,lpp_2000,0.596393217797145,46.0619181102536,0.617575526,45.08607483,34.5292778,20.08795929,33.6120257106612,14.4926492712311
Texas,2005,48,01779801,0400000US48,48,TX,00,676653171537,19006305260,lpp_2005,0.587089418133032,45.3956335959214,0.640543342,47.2510376,36.65343475,21.89683533,33.3794179803481,14.9935400567113
Texas,2010,48,01779801,0400000US48,48,TX,00,676653171537,19006305260,lpp_2010,0.600015162215289,45.5375029908006,0.630670428,47.78161621,36.17933273,20.50514984,32.4845668510703,13.1646474385418
Utah,1990,49,01455989,0400000US49,49,UT,00,212886221680,6998824394,lpp_1990,0.741648397383377,61.9403065712334,0.561893702,35.48827362,24.15972519,11.97613239,45.4364475356633,19.5085401248178
Utah,1995,49,01455989,0400000US49,49,UT,00,212886221680,6998824394,lpp_1995,0.763032519465388,64.279814402845,0.564970732,38.87862015,27.94089127,14.12362576,48.9979746392895,21.536045971847
Utah,2000,49,01455989,0400000US49,49,UT,00,212886221680,6998824394,lpp_2000,0.653919847919524,50.0693556581376,0.57365936,40.3454361,30.06054688,16.66868591,36.3036505338594,15.2768920312601
Utah,2005,49,01455989,0400000US49,49,UT,00,212886221680,6998824394,lpp_2005,0.643860903188932,49.0779284521984,0.591664791,42.13381195,32.00379562,18.48635292,36.1196557710343,15.5903942348064
Utah,2010,49,01455989,0400000US49,49,UT,00,212886221680,6998824394,lpp_2010,0.625175079455127,45.3816886809148,0.591796398,42.22303009,29.52601624,15.3477087,31.4821823832791,11.7424645654809
Vermont,1990,50,01779802,0400000US50,50,VT,00,23874175944,1030416650,lpp_1990,0.419953693835647,33.4855186408944,0.539698362,36.09885788,23.97109795,10.44162655,23.2511917004949,10.2220526469408
Vermont,1995,50,01779802,0400000US50,50,VT,00,23874175944,1030416650,lpp_1995,0.40036590054156,32.9634348966931,0.54875505,37.45729065,25.76279259,10.74817276,23.3223862473775,10.2616404432857
Vermont,2000,50,01779802,0400000US50,50,VT,00,23874175944,1030416650,lpp_2000,0.463639437411046,35.4043782205733,0.563124895,42.73780823,31.31676102,16.00169563,23.3535344306367,9.06926650699824
Vermont,2005,50,01779802,0400000US50,50,VT,00,23874175944,1030416650,lpp_2005,0.457843682834567,34.9858280270963,0.593287289,42.28977966,31.04524803,16.30885506,23.0477623063936,9.06859051558627
Vermont,2010,50,01779802,0400000US50,50,VT,00,23874175944,1030416650,lpp_2010,0.458491427884922,34.4223462098777,0.573493421,41.38899231,28.01208878,13.05603409,22.4197648872081,8.40353208391139
Virginia,1990,51,01779803,0400000US51,51,VA,00,102257717110,8528531774,lpp_1990,0.406368927882611,32.4117702646471,0.544876039,35.25965881,23.66926384,10.62541199,22.8860575572077,11.6908657856332
Virginia,1995,51,01779803,0400000US51,51,VA,00,102257717110,8528531774,lpp_1995,0.374678038772716,29.7004810258046,0.543145716,38.82070541,26.36948013,11.72692966,19.8497487851219,8.01770771573054
Virginia,2000,51,01779803,0400000US51,51,VA,00,102257717110,8528531774,lpp_2000,0.533785262731501,41.4319036072264,0.576738477,43.22906876,31.82081223,16.51171684,28.968474765294,12.6501733885239
Virginia,2005,51,01779803,0400000US51,51,VA,00,102257717110,8528531774,lpp_2005,0.542796745497529,42.997003437212,0.553902507,41.74227524,32.19615173,17.12413216,30.7018894418498,14.2064701288198
Virginia,2010,51,01779803,0400000US51,51,VA,00,102257717110,8528531774,lpp_2010,0.533893921855318,41.433931681953,0.590557694,42.06262589,31.97602654,15.75597858,28.7057504495302,11.8657701186796
Washington,1990,53,01779804,0400000US53,53,WA,00,172112588220,12559278850,lpp_1990,0.675109708946407,52.0777102255019,0.549711168,38.74940109,27.33308792,13.64412403,36.5504370976034,13.8992952268608
Washington,1995,53,01779804,0400000US53,53,WA,00,172112588220,12559278850,lpp_1995,0.692059524049562,55.478546943744,0.546283007,40.76052856,28.7837677,14.29851913,39.5713622297808,15.426692575738
Washington,2000,53,01779804,0400000US53,53,WA,00,172112588220,12559278850,lpp_2000,0.61425172955082,45.1468232560456,0.601327419,49.75726318,39.04201508,24.67556953,31.7628475712705,13.0880191751821
Washington,2005,53,01779804,0400000US53,53,WA,00,172112588220,12559278850,lpp_2005,0.593900737865509,43.732972154648,0.563275754,44.84435654,34.2624321,19.68507957,31.4727498131261,14.0884483146371
Washington,2010,53,01779804,0400000US53,53,WA,00,172112588220,12559278850,lpp_2010,0.60176853272383,43.0831987628893,0.591880679,43.18135834,31.77438927,16.43059921,29.4136669418342,11.6341727586075
West Virginia,1990,54,01779805,0400000US54,54,WV,00,62266474513,489028543,lpp_1990,0.410569690895056,32.5221669325778,0.535549223,40.21434021,25.63479614,11.90504551,21.4768359809239,7.2700025774172
West Virginia,1995,54,01779805,0400000US54,54,WV,00,62266474513,489028543,lpp_1995,0.397178276610136,32.034519270685,0.532104135,42.50003433,28.28948975,11.75021744,21.3856057431809,7.87902984537766
West Virginia,2000,54,01779805,0400000US54,54,WV,00,62266474513,489028543,lpp_2000,0.548437505835898,43.0398649080609,0.526313365,40.20957947,27.99050903,13.27808571,30.0544165474533,12.1100154535007
West Virginia,2005,54,01779805,0400000US54,54,WV,00,62266474513,489028543,lpp_2005,0.534782337266778,41.6553327120484,0.602713168,43.90084457,31.85221863,14.97303677,28.8536327236384,11.8329716470954
West Virginia,2010,54,01779805,0400000US54,54,WV,00,62266474513,489028543,lpp_2010,0.546946661258455,42.3417131525599,0.543013096,44.82867432,30.45448685,14.42978382,29.0406694207745,10.9891826193158
Wisconsin,1990,55,01779806,0400000US55,55,WI,00,140290039723,29344951758,lpp_1990,0.38173037807374,30.2996635770338,0.537202835,36.41716003,24.73833466,11.92450905,19.8770172095468,7.12285656994809
Wisconsin,1995,55,01779806,0400000US55,55,WI,00,140290039723,29344951758,lpp_1995,0.388041303982916,31.3695320684972,0.536680043,38.33045197,26.98907471,13.01534748,21.0161577890594,7.89185499973847
Wisconsin,2000,55,01779806,0400000US55,55,WI,00,140290039723,29344951758,lpp_2000,0.41723011107264,30.8622888037218,0.549108744,39.97334671,29.40760803,15.83261967,20.1384449401577,7.37785398082774
Wisconsin,2005,55,01779806,0400000US55,55,WI,00,140290039723,29344951758,lpp_2005,0.429003405429813,32.5441013758037,0.565248251,40.63584518,29.89362526,16.4792614,21.9036052878484,8.67804973227197
Wisconsin,2010,55,01779806,0400000US55,55,WI,00,140290039723,29344951758,lpp_2010,0.421697429772959,30.9756207955574,0.57542032,42.70709991,29.92406464,15.76768017,20.1165275189964,7.29403402441439
Wyoming,1990,56,01779807,0400000US56,56,WY,00,251458544898,1867670745,lpp_1990,0.665245534370242,49.4578760304702,0.586662054,35.03551483,24.64068604,13.72440243,33.2500828342208,12.4580698605518
Wyoming,1995,56,01779807,0400000US56,56,WY,00,251458544898,1867670745,lpp_1995,0.68937040671829,53.3498082841324,0.596647561,39.14816284,28.8614521,15.97813988,36.8352922978501,14.1162426144909
Wyoming,2000,56,01779807,0400000US56,56,WY,00,251458544898,1867670745,lpp_2000,0.548299193880666,41.6055035709176,0.639612675,50.69696808,41.69711685,29.6030941,28.8475226637068,10.3915549528415
Wyoming,2005,56,01779807,0400000US56,56,WY,00,251458544898,1867670745,lpp_2005,0.562573013789364,43.464478238256,0.631295323,49.28145599,41.060112,28.52307129,30.9418099673943,11.8354601320197
Wyoming,2010,56,01779807,0400000US56,56,WY,00,251458544898,1867670745,lpp_2010,0.541199044236788,40.2644824330771,0.655813515,49.515625,40.26779175,28.47088814,27.6070493921203,9.50974927272768
Alabama,2015,01,01779775,0400000US01,01,AL,00,131174048583,4593327154,lpp_2010,0.692686342113198,62.1970514679708,0.586106181,47.60808945,32.12480545,15.88838291,53.2375801688101,37.5620734534101
Alaska,2015,02,01785533,0400000US02,02,AK,00,1478839695958,245481577452,lpp_2010,0.871456766064762,83.075242145662,0.561481714,33.77056885,24.86994362,11.38982868,72.2622466443937,39.7010494827927
Arizona,2015,04,01779777,0400000US04,04,AZ,00,294198551143,1027337603,lpp_2010,0.842149525682309,79.263664230975,0.618825972,49.96220398,35.34072495,17.94118118,71.2740278074346,50.2656005617135
Arkansas,2015,05,00068085,0400000US05,05,AR,00,134768872727,2962859592,lpp_2010,0.673594395613243,59.4245788561803,0.610305846,49.5913887,34.56990051,18.92578697,49.9045544194304,33.8581413820216
California,2015,06,01779778,0400000US06,06,CA,00,403503931312,20463871877,lpp_2010,0.877274736292033,83.331004710633,0.675258696,53.95410919,42.52674866,25.52716446,75.4510752367265,55.4640772899858
Colorado,2015,08,01779779,0400000US08,08,CO,00,268422891711,1181621593,lpp_2010,0.813258282503193,74.9790459731654,0.614277899,45.8440361,35.19734573,18.61975861,65.9051415968818,45.0822698291726
Connecticut,2015,09,01779780,0400000US09,09,CT,00,12542497068,1815617571,lpp_2010,0.802724537318609,76.1078227767471,0.681213021,55.157444,43.76102448,28.36521149,69.0259607447603,52.2113510252777
Delaware,2015,10,01779781,0400000US10,10,DE,00,5045925646,1399985648,lpp_2010,0.774195811511982,73.071692222468,0.576137662,42.91289139,30.53978729,14.81779194,65.5119352652652,48.7526270069202
District of Columbia,2015,11,01702382,0400000US11,11,DC,00,158340391,18687198,lpp_2010,0.882697612469666,88.7865902440113,0.648263037,53.31921005,40.79743576,24.37297249,80.540166387799,50.3387887170959
Florida,2015,12,00294478,0400000US12,12,FL,00,138949136250,31361101223,lpp_2010,0.803120348212433,75.6082532414662,0.697941005,61.53539658,47.77340317,30.4158287,67.4365654077267,47.3197758622221
Georgia,2015,13,01705317,0400000US13,13,GA,00,149482048342,4422936154,lpp_2010,0.717413984907727,64.8206944960787,0.629702628,50.13753128,36.33174896,18.9299984,56.1324797779336,40.0940400166277
Hawaii,2015,15,01779782,0400000US15,15,HI,00,16633990195,11777809026,lpp_2010,0.911063215572318,88.5773754799248,0.571040869,37.07837296,25.79829025,12.1990099,79.2849724226197,54.8131945789903
Idaho,2015,16,01779783,0400000US16,16,ID,00,214049787659,2391722557,lpp_2010,0.7573558160526,68.3944136237302,0.620109618,42.78870392,29.76689148,15.27206802,58.4325224531395,37.4463521592564
Illinois,2015,17,01779784,0400000US17,17,IL,00,143780567633,6214824948,lpp_2010,0.748930942216465,68.1941408270549,0.63366884,50.78619003,39.29818726,22.60239983,59.4245916783861,40.1029046966946
Indiana,2015,18,00448508,0400000US18,18,IN,00,92789302676,1538002829,lpp_2010,0.756798511159186,70.1744015427563,0.579036891,42.34760284,29.27388,14.75801468,62.2259984504318,43.8741305484168
Iowa,2015,19,01779785,0400000US19,19,IA,00,144661267977,1084180812,lpp_2010,0.648760573848252,55.9858708023317,0.563983798,37.67845917,26.27234459,12.62641525,46.5967265598192,30.5282104263916
Kansas,2015,20,00481813,0400000US20,20,KS,00,211755344060,1344141205,lpp_2010,0.725754934828893,64.8229825728745,0.603043318,41.07477188,29.98949623,15.88618565,55.1198496947377,35.7591922233117
Kentucky,2015,21,01779786,0400000US21,21,KY,00,102279490672,2375337755,lpp_2010,0.697318761389313,63.5668442404148,0.581737041,47.52729034,31.80819511,15.75488091,55.6496182242678,40.1756426107681
Louisiana,2015,22,01629543,0400000US22,22,LA,00,111897594374,23753621895,lpp_2010,0.762109754337496,70.6396265732059,0.617301106,44.4943924,30.66222382,15.38257504,62.4646983247571,44.5312738021042
Maine,2015,23,01779787,0400000US23,23,ME,00,79887426037,11746549764,lpp_2010,0.787839435818205,73.0721958280533,0.559729338,43.45114517,29.00294495,12.98926067,65.9482352388339,53.1506090238851
Maryland,2015,24,01714934,0400000US24,24,MD,00,25151100280,6979966958,lpp_2010,0.83055594427124,79.2930138046155,0.592525721,41.94628906,30.77884674,15.67071438,72.711738545811,56.568230482028
Massachusetts,2015,25,00606926,0400000US25,25,MA,00,20205125364,7129925486,lpp_2010,0.770374237098033,72.0396200896858,0.646632195,54.39123535,41.7870369,25.55459976,63.9548938812202,45.4877042550058
Michigan,2015,26,01779789,0400000US26,26,MI,00,146600952990,103885855702,lpp_2010,0.790053374756999,74.0321582527084,0.606324792,49.67564392,35.01082993,18.19382095,67.106763165207,52.2299623512679
Minnesota,2015,27,00662849,0400000US27,27,MN,00,206228939448,18945217189,lpp_2010,0.668794140004459,57.5070824805337,0.594008923,44.90757751,34.29383087,18.11301613,47.5214350880915,31.0238799467923
Mississippi,2015,28,01779790,0400000US28,28,MS,00,121533519481,3926919758,lpp_2010,0.65084553978184,57.6716995404243,0.585911691,47.12520599,31.13806915,14.47145081,48.6314504518423,33.280409353088
Missouri,2015,29,01779791,0400000US29,29,MO,00,178050802184,2489425460,lpp_2010,0.684568371943468,61.1782397372587,0.602722347,46.31457901,33.08013535,17.69504166,52.393734639104,37.1460877468567
Montana,2015,30,00767982,0400000US30,30,MT,00,376962738765,3869208832,lpp_2010,0.745986921171915,66.1432841741672,0.607762694,44.51119614,31.26495361,15.93642426,55.5068034686968,35.1989535389438
Nebraska,2015,31,01779792,0400000US31,31,NE,00,198956658395,1371829134,lpp_2010,0.726779836283428,65.2139700284637,0.584089756,38.21014404,27.37516212,14.11486435,55.6061879244802,35.0770689102591
Nevada,2015,32,01779793,0400000US32,32,NV,00,284329506470,2047206072,lpp_2010,0.884533243330651,85.0204981162517,0.681216896,55.74204636,41.97156906,26.44644165,77.5263844942276,56.2793615061533
New Hampshire,2015,33,01779794,0400000US33,33,NH,00,23189413166,1026675248,lpp_2010,0.758318758740846,69.3570743863033,0.583752632,41.81061554,31.5073185,15.96047688,60.0491254704881,40.9764901826461
New Jersey,2015,34,01779795,0400000US34,34,NJ,00,19047825980,3544860246,lpp_2010,0.839690539147989,80.2718434298257,0.642048955,50.64604568,37.49335098,20.92817116,73.0635289592181,53.0093986133555
New Mexico,2015,35,00897535,0400000US35,35,NM,00,314196306401,728776523,lpp_2010,0.775862291058736,69.6897047442131,0.588288665,46.06567764,29.9288311,13.64789391,59.261863093767,37.4666575634406
New York,2015,36,01779796,0400000US36,36,NY,00,122049149763,19246994695,lpp_2010,0.754104556718339,69.4050409696104,0.706633985,60.45296097,49.83629227,32.93597412,61.1549998092034,43.8230993266114
North Carolina,2015,37,01027616,0400000US37,37,NC,00,125923656064,13466071395,lpp_2010,0.720658363910481,66.0853586359383,0.6023615,49.16025543,34.86691666,17.68014145,58.0012058291111,42.0494356157304
North Dakota,2015,38,01779797,0400000US38,38,ND,00,178707534813,4403267548,lpp_2010,0.767461135704251,70.6498081327999,0.582058907,36.35244751,27.20353889,14.24692154,60.3006003423372,34.8718672608615
Ohio,2015,39,01085497,0400000US39,39,OH,00,105828882568,10268850702,lpp_2010,0.775685469686013,72.7604186290833,0.571544111,44.84924316,31.35451508,15.90627289,65.4791283371189,48.0412577300716
Oklahoma,2015,40,01102857,0400000US40,40,OK,00,177662925723,3374587997,lpp_2010,0.686738483508716,61.2112616052789,0.606924415,39.93149185,28.51789093,15.22701836,51.8886855923427,34.6603320635039
Oregon,2015,41,01155107,0400000US41,41,OR,00,248606993270,6192386935,lpp_2010,0.834198455451725,78.5918534619218,0.590796411,47.36673355,34.06438065,16.76924896,71.1498479478052,52.7884937477929
Pennsylvania,2015,42,01779798,0400000US42,42,PA,00,115884442321,3394589990,lpp_2010,0.781093560792078,73.1069795195436,0.607177615,46.49786758,34.48542023,18.44634438,65.5737668334439,48.6622976923816
Rhode Island,2015,44,01219835,0400000US44,44,RI,00,2677779902,1323670487,lpp_2010,0.74277205031366,68.7341179375762,0.587522864,44.70718765,31.94742393,16.04926682,58.8853599398683,36.9683866273183
South Carolina,2015,45,01779799,0400000US45,45,SC,00,77864918488,5075218778,lpp_2010,0.678344689724391,60.4530273445632,0.593277931,49.53567505,33.79034805,16.44318008,51.2168501996255,35.2836108524709
South Dakota,2015,46,01785534,0400000US46,46,SD,00,196346981786,3382720225,lpp_2010,0.657850604362637,56.2569312143791,0.61209166,41.91311264,31.03422546,17.39334869,46.0055018327148,27.9773775763426
Tennessee,2015,47,01325873,0400000US47,47,TN,00,106802728188,2350123465,lpp_2010,0.719795980673569,65.9600904275227,0.609000266,47.98495865,34.06996536,18.28820038,58.0446081992837,42.6494577897893
Texas,2015,48,01779801,0400000US48,48,TX,00,676653171537,19006305260,lpp_2010,0.797480007078028,74.3455964940966,0.648670733,47.96081161,36.82888794,21.0781517,65.6810580142313,44.4606294989331
Utah,2015,49,01455989,0400000US49,49,UT,00,212886221680,6998824394,lpp_2010,0.812522123096246,74.749139609034,0.601142526,42.41170502,31.2261467,16.88419724,65.1899150944354,43.1756912946812
Vermont,2015,50,01779802,0400000US50,50,VT,00,23874175944,1030416650,lpp_2010,0.682695558898897,59.3145695697062,0.580859721,41.9821434,29.38171387,14.18119335,48.5866856207986,28.7992836067436
Virginia,2015,51,01779803,0400000US51,51,VA,00,102257717110,8528531774,lpp_2010,0.755798986984999,69.8487786664271,0.59659946,43.76507568,32.34256363,15.97865677,62.2470057174131,45.9952664231874
Washington,2015,53,01779804,0400000US53,53,WA,00,172112588220,12559278850,lpp_2010,0.839182936916511,79.0963578514591,0.606858194,48.22060776,37.47967529,20.6404686,71.7728776214435,54.1379207599596
West Virginia,2015,54,01779805,0400000US54,54,WV,00,62266474513,489028543,lpp_2010,0.753957363914882,69.8323725362754,0.548023045,47.06981659,30.06388855,13.59827995,61.2091518707327,40.9573012497152
Wisconsin,2015,55,01779806,0400000US55,55,WI,00,140290039723,29344951758,lpp_2010,0.699177170282996,62.5923103736377,0.582054138,43.27049255,31.04333687,16.44709969,53.8815750040153,37.7741286041843
Wyoming,2015,56,01779807,0400000US56,56,WY,00,251458544898,1867670745,lpp_2010,0.776319917136747,70.9351788350142,0.658986568,45.84344864,36.7158165,25.03694916,61.117236344301,37.0990529296867
